dataset,source,replicates,accuracy,balanced_accuracy,roc_auc,average_precision,tpr_at_fpr_0_01,tpr_at_fpr_0_05,tpr_at_fpr_0_10,outlier_score_gap
uci_adult_mixed,uci:adult,10,0.871241094863142,0.6547526466696074,0.8548794111160124,0.9689262058929866,0.26572562858403176,0.474283193647993,0.6027790030877812,1.456711333990097
uci_banknote_authentication_continuous,uci:banknote-authentication,10,0.9824331555358634,0.9755,0.9999510541715072,0.9999702970742999,0.9970487500537842,1.0,1.0,5.61062388420105
uci_car_evaluation_categorical,uci:car-evaluation,10,0.6345785095780359,0.6327478401864407,0.9077033675256676,0.8421055572005907,0.4721156124141199,0.6466891731817105,0.725787728026534,1.368044552206993
uci_magic_gamma_continuous,uci:magic-gamma-telescope,10,0.8910386201724785,0.7383561424790471,0.8978026025584473,0.9773560940957715,0.3188795765328628,0.5457873842082047,0.692412880458756,1.8594603596720845
uci_mushroom_categorical,uci:mushroom,10,0.9811398575178103,0.9377426665196295,0.9983614909572122,0.9997016979615058,0.9655491839435377,0.9922364358182619,0.9967798853109837,4.676579770445824
uci_rice_cammeo_osmancik_continuous,uci:rice-cammeo-and-osmancik,10,0.9306256921373202,0.9073900771092476,0.9749724580683289,0.9939098437507047,0.7132872741599595,0.8823743456970788,0.9343093938200034,5.416264230012894
uci_spambase_continuous,uci:spambase,10,0.9297071655017366,0.8599301761757887,0.9514466727886208,0.987602439115234,0.4072991926416843,0.7456643449711696,0.863798094972082,4.45923656411469
uci_wdbc_continuous,uci:wdbc,10,0.9450200803212851,0.9276039540665725,0.9884645836121146,0.9925937637195572,0.8288449342000952,0.9371108820886846,0.9715924105491253,5.2473785281181335
