dataset,source,replicates,accuracy,balanced_accuracy,roc_auc,average_precision,tpr_at_fpr_0_01,tpr_at_fpr_0_05,tpr_at_fpr_0_10,outlier_score_gap
uci_adult_mixed,uci:adult,10,0.8596925384326959,0.7649043890604322,0.8769739192765769,0.9738293824391071,0.3087340097044552,0.5281870313189236,0.6495809439788267,1.6781820856034755
uci_banknote_authentication_continuous,uci:banknote-authentication,10,0.9879835040302654,0.98375,0.9998879372660385,0.999927420000786,0.9979342541198744,1.0,1.0,6.145520603656768
uci_car_evaluation_categorical,uci:car-evaluation,10,0.8511959123608138,0.8061709337209086,0.9318289694518314,0.8721866596011573,0.5481994787964937,0.7263651978204217,0.796090973702914,2.035720817372203
uci_magic_gamma_continuous,uci:magic-gamma-telescope,10,0.8853768278965128,0.7665267423908249,0.900087891486546,0.9784095384815987,0.3409351565946185,0.5707543008381121,0.7018526687251875,1.8084583446383475
uci_mushroom_categorical,uci:mushroom,10,0.983689538807649,0.946860333039259,0.9955831495368329,0.9987138754925395,0.8816056462284958,0.9908248786943096,0.9982796647551831,4.697251236438751
uci_rice_cammeo_osmancik_continuous,uci:rice-cammeo-and-osmancik,10,0.928162828884561,0.8907868168514662,0.9653519664265211,0.9900036943879778,0.5693060167726685,0.8401485900827377,0.9070039961726797,5.058696973323822
uci_spambase_continuous,uci:spambase,10,0.9078250498850318,0.8831954551089263,0.9468878280022412,0.9874729652629902,0.4214039611481164,0.7268699251180819,0.8698089887011685,3.2349009573459626
uci_wdbc_continuous,uci:wdbc,10,0.9384899598393573,0.9241578646713602,0.9870333621204402,0.9909840800127615,0.8578153903070662,0.931377834152529,0.9634995507637016,4.100564765930176
