dataset,source,replicates,accuracy_mean,auc_mean,auprc_outlier_mean,fpr95_mean
uci_adult_mixed,uci:adult,10,0.22719999999999999,0.79135,0.5558695274935225,0.683
uci_car_evaluation_categorical,uci:car-evaluation,10,0.36115294117647057,0.8592308994708994,0.6995514961503239,0.5041111111111112
uci_magic_gamma_continuous,uci:magic-gamma-telescope,10,0.8251999999999999,0.81091,0.6034077046365727,0.67
uci_mushroom_categorical,uci:mushroom,10,0.24480000000000005,0.96197,0.8965837683502205,0.18050000000000002
uci_secondary_mushroom_categorical,uci:secondary-mushroom-dataset,10,0.2052,0.569685,0.29041366146920494,0.9109999999999999
uci_spambase_continuous,uci:spambase,10,0.8388,0.8791,0.7527461536365913,0.5895
uci_wdbc_continuous,uci:wdbc,10,0.9110572362179825,0.9778367710720653,0.9376493930136233,0.10459893048128341
