dataset,source,replicates,accuracy_mean,auc_mean,auprc_outlier_mean,fpr95_mean
uci_adult_mixed,uci:adult,10,0.12514970059880237,0.6082745098039216,0.22418660534411536,0.9026666666666667
uci_wdbc_continuous,uci:wdbc,10,0.8625517812758907,0.9272495271473076,0.734700269096231,0.2381425233644859
