dataset,source,replicates,accuracy,balanced_accuracy,roc_auc,average_precision,tpr_at_fpr_0_01,tpr_at_fpr_0_05,tpr_at_fpr_0_10,outlier_score_gap
uci_adult_mixed,uci:adult,10,0.7730555555555555,0.7730555555555555,0.8651728395061727,0.8720416396076545,0.2588888888888889,0.5083333333333333,0.6244444444444445,0.8081461295485497
uci_banknote_authentication_continuous,uci:banknote-authentication,10,0.9978645383951683,0.9978645383951683,1.0,1.0,1.0,1.0,1.0,5.952334606647492
uci_car_evaluation_categorical,uci:car-evaluation,10,0.8883816937957066,0.8853703703703705,0.9653456994861086,0.9583493308736746,0.6316749585406302,0.8285240464344941,0.9061359867330017,1.471585202217102
uci_magic_gamma_continuous,uci:magic-gamma-telescope,10,0.7797222222222222,0.7797222222222222,0.8736851851851851,0.8755952039741108,0.25166666666666665,0.5438888888888889,0.6427777777777778,1.1287093579769134
uci_mushroom_categorical,uci:mushroom,10,0.986111111111111,0.986111111111111,0.9990555555555556,0.9991087787109434,0.9800000000000001,0.9944444444444445,0.9988888888888889,3.88290114402771
uci_rice_cammeo_osmancik_continuous,uci:rice-cammeo-and-osmancik,10,0.9144444444444444,0.9144444444444444,0.98004012345679,0.981292913157606,0.7588888888888888,0.903888888888889,0.95,4.815326750278473
uci_spambase_continuous,uci:spambase,10,0.8519444444444444,0.8519444444444444,0.921537037037037,0.9360163160776868,0.5333333333333333,0.7555555555555555,0.8094444444444445,1.7790886759757996
uci_wdbc_continuous,uci:wdbc,10,0.9514252179745137,0.9514252179745137,0.9926566553355457,0.9933858942809339,0.897551978537894,0.9560362173038228,0.9801810865191147,5.599561822414398
