dataset,source,replicates,accuracy,balanced_accuracy,roc_auc,average_precision,tpr_at_fpr_0_01,tpr_at_fpr_0_05,tpr_at_fpr_0_10,outlier_score_gap
uci_adult_mixed,uci:adult,10,0.5866666666666667,0.5866666666666667,0.8011543209876543,0.816323150451294,0.25055555555555553,0.4166666666666667,0.5,0.749082687497139
uci_banknote_authentication_continuous,uci:banknote-authentication,10,0.9971257549611735,0.9971257549611735,1.0,1.0,1.0,1.0,1.0,5.949922513961792
uci_car_evaluation_categorical,uci:car-evaluation,10,0.5196154753479594,0.5649074074074074,0.9682381815203817,0.9636893636150757,0.6168601437258154,0.8577667219458263,0.9144555002763959,0.9785252213478088
uci_magic_gamma_continuous,uci:magic-gamma-telescope,10,0.7825,0.7825,0.8767777777777779,0.8800721481429775,0.2588888888888889,0.5349999999999999,0.645,1.2304804295301437
uci_mushroom_categorical,uci:mushroom,10,0.8975,0.8975,0.9953364197530865,0.9960651901280386,0.9522222222222222,0.9788888888888889,0.9855555555555556,3.2224848583340644
uci_rice_cammeo_osmancik_continuous,uci:rice-cammeo-and-osmancik,10,0.9194444444444445,0.9194444444444445,0.9799074074074074,0.9815741213296807,0.7527777777777778,0.9033333333333333,0.9505555555555556,5.082654762268066
uci_spambase_continuous,uci:spambase,10,0.8683333333333334,0.8683333333333334,0.9419537037037037,0.949416557244637,0.5455555555555556,0.7766666666666666,0.8511111111111112,2.488679203391075
uci_wdbc_continuous,uci:wdbc,10,0.9485580147551979,0.9485580147551979,0.9923645832068198,0.9930182662002563,0.896914822266935,0.9497652582159624,0.9810529845741114,6.041315913200378
