dataset,source,replicates,accuracy,balanced_accuracy,roc_auc,average_precision,tpr$fpr,outlier_score_gap
uci_adult_mixed,uci:adult,10,0.7744943820224719,0.6467362225789193,0.8551565759494052,0.9311169727249498,0.49036918138041735,1.2235012650489807
uci_banknote_authentication_continuous,uci:banknote-authentication,10,0.995598332109679,0.992660292463442,0.9999979214732597,0.9999991135694785,1.0,6.423422253131866
uci_car_evaluation_categorical,uci:car-evaluation,10,0.6175278470490441,0.6188460852505797,0.9585534517531833,0.9516600691258505,0.824456289978678,1.4930077850818635
uci_magic_gamma_continuous,uci:magic-gamma-telescope,10,0.8235955056179776,0.7728731942215088,0.897779861850055,0.9526850318623505,0.5906902086677368,1.6290354650467633
uci_mushroom_categorical,uci:mushroom,10,0.9567415730337079,0.9304708400214018,0.9975742601042438,0.9990096819986375,0.9842696629213483,3.90849846303463
uci_rice_cammeo_osmancik_continuous,uci:rice-cammeo-and-osmancik,10,0.923258426966292,0.9171482075976458,0.9754744771283088,0.9889561095806247,0.8746388443017656,5.567030990123749
uci_spambase_continuous,uci:spambase,10,0.9119101123595506,0.8998394863563404,0.9630866713558293,0.9820883537345381,0.8465489566613161,3.211076873540878
uci_wdbc_continuous,uci:wdbc,10,0.961380294976226,0.9454987453167988,0.992764149450142,0.9964497314259916,0.9518526937940441,6.265399742126465
