dataset,source,replicates,accuracy,balanced_accuracy,roc_auc,average_precision,tpr$fpr,outlier_score_gap
uci_adult_mixed,uci:adult,10,0.7734946539110861,0.641507453412402,0.8504434795460989,0.9275810507100226,0.4628617363344051,1.100500290095806
uci_banknote_authentication_continuous,uci:banknote-authentication,10,0.9841777982496545,0.9785686993364159,0.9999832238037349,0.9999877109350862,1.0,5.602261018753052
uci_car_evaluation_categorical,uci:car-evaluation,10,0.49218673491537057,0.6239326456236222,0.8924867160812502,0.7439903001170368,0.5625645809414467,0.6146356455981732
uci_magic_gamma_continuous,uci:magic-gamma-telescope,10,0.8327518289251549,0.7831268889921152,0.897983114446529,0.9510798566785177,0.5785369774919614,1.7169369596987962
uci_mushroom_categorical,uci:mushroom,10,0.893190770962296,0.8240422319818054,0.9947001140182067,0.9978420432091261,0.9796623794212218,3.4171521979384125
uci_rice_cammeo_osmancik_continuous,uci:rice-cammeo-and-osmancik,10,0.9254924029262803,0.9205664864897474,0.976344389278669,0.9895318072775121,0.8868971061093248,5.445875036716461
uci_spambase_continuous,uci:spambase,10,0.8998311761395611,0.8687823126994564,0.950576877831603,0.974654836876414,0.7554662379421222,3.627192822098732
uci_wdbc_continuous,uci:wdbc,10,0.9351583924349882,0.9117050794625357,0.9902434107563437,0.9936961436565831,0.9530008028904055,4.8493957936763765
