dataset,source,replicates,accuracy_mean,auc_mean,auprc_outlier_mean,fpr95_mean
uci_adult_mixed,uci:adult,10,0.49240000000000006,0.8108816666666667,0.7662829275996383,0.679
uci_wdbc_continuous,uci:wdbc,10,0.9326256919477258,0.9893443603169605,0.9852870395846096,0.051134195463218145
