dataset,source,replicates,accuracy,balanced_accuracy,roc_auc,average_precision,tpr_at_fpr_0_01,tpr_at_fpr_0_05,tpr_at_fpr_0_10,outlier_score_gap
uci_adult_mixed,uci:adult,10,0.8346666666666666,0.6283333333333333,0.8364756944444445,0.9486113692706528,0.18513888888888888,0.44680555555555557,0.5593055555555555,1.3759738087654114
uci_banknote_authentication_continuous,uci:banknote-authentication,10,0.9654599156118143,0.9197222222222223,0.9999577514673144,0.9999877774999909,0.9982217668488161,0.9998360655737706,1.0,5.297711345553398
uci_car_evaluation_categorical,uci:car-evaluation,10,0.6615047770700637,0.5974393656716418,0.9328114181695689,0.934063442792018,0.46049440298507466,0.7003171641791045,0.7993003731343283,1.5866169780492783
uci_magic_gamma_continuous,uci:magic-gamma-telescope,10,0.8507777777777777,0.6784027777777778,0.882520061728395,0.9643825109664294,0.29388888888888887,0.5183333333333333,0.6461111111111111,1.798438584804535
uci_mushroom_categorical,uci:mushroom,10,0.9442222222222222,0.8609722222222222,0.9949436728395062,0.9986419289141715,0.8713888888888889,0.9777777777777779,0.9916666666666666,4.1636098001152275
uci_rice_cammeo_osmancik_continuous,uci:rice-cammeo-and-osmancik,10,0.9339999999999999,0.9,0.9738526234567901,0.9929278294939865,0.6491666666666667,0.8665277777777778,0.9363888888888889,5.125428754091263
uci_spambase_continuous,uci:spambase,10,0.9113333333333333,0.8339583333333334,0.9414996141975308,0.981385493407287,0.3602777777777778,0.7100000000000001,0.8556944444444443,4.124022920429707
uci_wdbc_continuous,uci:wdbc,10,0.9504638218923933,0.9365345764909241,0.9916107815879286,0.9953988319745297,0.8558678188256434,0.9520889487870619,0.9799217800327679,5.203387773036956
