dataset,source,replicates,accuracy,balanced_accuracy,roc_auc,average_precision,tpr_at_fpr_0_01,tpr_at_fpr_0_05,tpr_at_fpr_0_10,outlier_score_gap
uci_adult_mixed,uci:adult,10,0.8402222222222223,0.7468055555555555,0.8633611111111111,0.957617385385595,0.20402777777777778,0.4805555555555555,0.6086111111111111,1.556640418432653
uci_banknote_authentication_continuous,uci:banknote-authentication,10,0.9838087201125175,0.9625,0.9999176027120017,0.9999749950878212,0.9971493624772313,1.0,1.0,5.397281336784363
uci_car_evaluation_categorical,uci:car-evaluation,10,0.81278025477707,0.7797517620232173,0.9356997110800165,0.933950136506269,0.5283861940298508,0.7486427238805969,0.8094076492537313,2.279822505544871
uci_magic_gamma_continuous,uci:magic-gamma-telescope,10,0.8615555555555556,0.7268055555555556,0.8847538580246914,0.9644988031328214,0.23722222222222222,0.5413888888888889,0.6555555555555556,1.6041398979723454
uci_mushroom_categorical,uci:mushroom,10,0.9738888888888889,0.9363888888888889,0.9949351851851851,0.9984486004365053,0.8341666666666667,0.9902777777777778,0.9973611111111111,4.207415473461151
uci_rice_cammeo_osmancik_continuous,uci:rice-cammeo-and-osmancik,10,0.9275555555555556,0.8890972222222222,0.9648310185185185,0.9883352880260027,0.4656944444444444,0.827361111111111,0.9144444444444444,4.937284624576568
uci_spambase_continuous,uci:spambase,10,0.8960000000000001,0.8556250000000001,0.9390223765432099,0.9821631942184368,0.36402777777777773,0.7059722222222222,0.8487500000000001,3.1446003198623655
uci_wdbc_continuous,uci:wdbc,10,0.947425788497217,0.9369087906048369,0.9894287530790061,0.994093132668344,0.8606891813329105,0.9468262776808837,0.9761772633581736,4.369089162349701
