dataset,source,replicates,accuracy,balanced_accuracy,roc_auc,average_precision,tpr_at_fpr_0_01,tpr_at_fpr_0_05,tpr_at_fpr_0_10,outlier_score_gap
uci_adult_mixed,uci:adult,10,0.8277511961722489,0.6485280028741368,0.7484032573549959,0.46778112097978786,0.21382978723404253,0.33297872340425533,0.41808510638297874,0.21613279357552528
uci_banknote_authentication_continuous,uci:banknote-authentication,10,0.942070296953659,0.9659093327400414,0.9990790217561871,0.9955084991459964,0.9775,0.9944444444444445,1.0,3.974357694387436
uci_car_evaluation_categorical,uci:car-evaluation,10,0.7217088174982912,0.7327528429083322,0.846789417565694,0.546376252755864,0.20518617021276592,0.38550531914893615,0.5664893617021277,0.7621047034859657
uci_magic_gamma_continuous,uci:magic-gamma-telescope,10,0.84896331738437,0.6973673705640493,0.8062153207456788,0.5227416752490741,0.20851063829787236,0.4042553191489362,0.5095744680851064,0.6243442102801054
uci_mushroom_categorical,uci:mushroom,10,0.934609250398724,0.9413855734302023,0.9863079318190892,0.9616005350255227,0.874468085106383,0.948936170212766,0.9638297872340426,1.5339814513921737
uci_rice_cammeo_osmancik_continuous,uci:rice-cammeo-and-osmancik,10,0.9290271132376395,0.8710720130932896,0.9527004909983633,0.854094624420509,0.5914893617021276,0.7925531914893618,0.873404255319149,3.0741182923316956
uci_spambase_continuous,uci:spambase,10,0.8711323763955343,0.800656660412758,0.8727126661610315,0.680557435867427,0.3553191489361702,0.5936170212765958,0.6925531914893617,0.7317920416593552
uci_wdbc_continuous,uci:wdbc,10,0.8416867469879519,0.8641985815602837,0.934512085685338,0.8357008139581408,0.6547619047619048,0.7774285714285714,0.8276190476190475,2.22369420081377
