dataset,source,replicates,accuracy_mean,auc_mean,auprc_outlier_mean,fpr95_mean
uci_adult_mixed,uci:adult,10,0.3186274509803921,0.7366009752133278,0.5830798412090524,0.7271028037383178
uci_car_evaluation_categorical,uci:car-evaluation,10,0.3836964415395788,0.9108726543434301,0.8310588550261384,0.39058042302016727
uci_magic_gamma_continuous,uci:magic-gamma-telescope,10,0.7565359477124183,0.8220540430719219,0.6812882275969518,0.6682242990654206
uci_mushroom_categorical,uci:mushroom,10,0.4359477124183006,0.9764831369362048,0.9599170248991113,0.16028037383177568
uci_secondary_mushroom_categorical,uci:secondary-mushroom-dataset,10,0.41013071895424835,0.5360041649735879,0.3546051864815383,0.9392523364485983
uci_spambase_continuous,uci:spambase,10,0.8441176470588235,0.9031237301909794,0.845005302425222,0.5350467289719626
uci_wdbc_continuous,uci:wdbc,10,0.9404390586582367,0.9902617241983757,0.9813906840728681,0.06754291460173814
