dataset,source,replicates,accuracy,balanced_accuracy,roc_auc,average_precision,tpr_at_fpr_0_10,tpr_at_fpr_0_50,outlier_score_gap
uci_adult_mixed,uci:adult,10,0.57625,0.57625,0.8082690277777778,0.8130204976392232,0.49866666666666665,0.8791666666666667,0.7710087060928345
uci_banknote_authentication_continuous,uci:banknote-authentication,10,0.9830053134638288,0.9830053134638288,0.9999068272757048,0.9999104311816923,1.0,1.0,5.538368892669678
uci_car_evaluation_categorical,uci:car-evaluation,10,0.413949591280654,0.5280435323383085,0.8920776119402986,0.7901888903077344,0.671,0.9620746268656717,0.9321312755346298
uci_magic_gamma_continuous,uci:magic-gamma-telescope,10,0.7801666666666667,0.7801666666666667,0.8722494444444445,0.8775446414047151,0.6598333333333334,0.9298333333333334,1.4820048737339675
uci_mushroom_categorical,uci:mushroom,10,0.5778333333333333,0.5778333333333333,0.9793158333333333,0.9812770226056706,0.9591666666666667,0.9943333333333333,2.3340050727128983
uci_rice_cammeo_osmancik_continuous,uci:rice-cammeo-and-osmancik,10,0.9124166666666668,0.9124166666666668,0.9732472222222223,0.9749292060017103,0.9365,0.9941666666666666,5.130564403533936
uci_spambase_continuous,uci:spambase,10,0.8380833333333333,0.8380833333333333,0.9337306944444445,0.9277701718055902,0.8254999999999999,0.9785,2.480261929705739
uci_wdbc_continuous,uci:wdbc,10,0.8329559748427673,0.8377428893269501,0.9746468020346825,0.9750914563935826,0.9272012578616351,0.9965408805031446,4.080334690399468
