dataset,source,replicates,accuracy_mean,auc_mean,auprc_outlier_mean,fpr95_mean
uci_adult_mixed,uci:adult,10,0.8437777777777778,0.8539228395061729,0.9564391383889534,0.5422222222222223
uci_mushroom_categorical,uci:mushroom,10,0.9553333333333335,0.9953888888888891,0.9988599246465009,0.017777777777777778
uci_spambase_continuous,uci:spambase,10,0.9142222222222222,0.9549413580246913,0.9866821045175614,0.20222222222222222
uci_wdbc_continuous,uci:wdbc,10,0.9683050496688741,0.9960796671293567,0.9984892790926658,0.01802083333333333
