dataset,source,replicates,accuracy_mean,auc_mean,auprc_outlier_mean,fpr95_mean
uci_adult_mixed,uci:adult,10,0.1125748502994012,0.6428627450980392,0.22663533191357432,0.8673333333333332
uci_banknote_continuous,uci:banknote-authentication,10,0.9874251497005988,1.0,1.0,0.0
uci_credit_approval_mixed,uci:credit-approval,10,0.23247549019607844,0.7615635451505016,0.3331233131761365,0.7921739130434783
uci_mushroom_categorical,uci:mushroom,10,0.31317365269461084,0.9306666666666666,0.7416680138357159,0.44466666666666665
uci_rice_cammeo_osmancik_continuous,uci:rice-cammeo-and-osmancik,10,0.9455089820359281,0.9659215686274509,0.8461556570231709,0.23000000000000004
uci_secondary_mushroom_mixed,uci:secondary-mushroom-dataset,10,0.8964071856287423,0.5605098039215686,0.22651436160767724,0.9313333333333332
uci_wdbc_continuous,uci:wdbc,10,0.8625517812758907,0.9272495271473076,0.734700269096231,0.2381425233644859
