dataset,source,replicates,accuracy_mean,auc_mean,auprc_outlier_mean,fpr95_mean
uci_adult_mixed,uci:adult,10,0.7744943820224719,0.8551565759494052,0.9311169727249498,0.5865168539325842
uci_car_evaluation_categorical,uci:car-evaluation,10,0.5630955943474646,0.9557561647798106,0.9284657325062374,0.2172534332084894
uci_magic_gamma_continuous,uci:magic-gamma-telescope,10,0.8367415730337079,0.8998629321694592,0.9487142386613912,0.4337078651685394
uci_mushroom_categorical,uci:mushroom,10,0.9567415730337079,0.9975742601042438,0.9990096819986375,0.004119850187265918
uci_secondary_mushroom_categorical,uci:secondary-mushroom-dataset,10,0.6,0.5579249854215136,0.759037639624782,0.949812734082397
uci_spambase_continuous,uci:spambase,10,0.9119101123595504,0.9630866713558293,0.9820883046712531,0.1558052434456929
uci_wdbc_continuous,uci:wdbc,10,0.961380294976226,0.992764149450142,0.9964497314259916,0.03993371996685998
