dataset,source,replicates,accuracy,balanced_accuracy,roc_auc,average_precision,tpr_at_fpr_0_01,tpr_at_fpr_0_05,tpr_at_fpr_0_10,outlier_score_gap
uci_adult_mixed,uci:adult,10,0.8572232645403377,0.6555326257861636,0.7315723270440252,0.3242090841242794,0.1320754716981132,0.28867924528301886,0.3886792452830189,0.1625573981553316
uci_banknote_authentication_continuous,uci:banknote-authentication,10,0.9684265511037164,0.9824484939795053,0.9992927898562118,0.9939594704510032,0.989717838354854,1.0,1.0,3.8554473638534548
uci_car_evaluation_categorical,uci:car-evaluation,10,0.7409153192655522,0.7083379192872117,0.8636504192872116,0.5389986077790526,0.2649895178197065,0.48134171907756806,0.639832285115304,0.6924923641607166
uci_magic_gamma_continuous,uci:magic-gamma-telescope,10,0.8896810506566604,0.5997012578616352,0.7014740566037736,0.30682304161862434,0.13584905660377358,0.2660377358490566,0.369811320754717,0.18768468089401721
uci_mushroom_categorical,uci:mushroom,10,0.9727954971857411,0.9613974056603773,0.9907507861635221,0.9656564718555796,0.8679245283018868,0.9754716981132076,0.9867924528301886,1.1486945405602456
uci_rice_cammeo_osmancik_continuous,uci:rice-cammeo-and-osmancik,10,0.9431519699812382,0.8727653301886793,0.9556564465408804,0.8397794210853545,0.6566037735849056,0.8169811320754718,0.879245283018868,2.551291158795357
uci_spambase_continuous,uci:spambase,10,0.9108818011257036,0.6895204402515723,0.8287775157232705,0.4764544189751036,0.2,0.4830188679245283,0.5811320754716981,0.32928685024380683
uci_wdbc_continuous,uci:wdbc,10,0.8382859526789439,0.8337228071374255,0.9033360972985853,0.7149110455917864,0.5202380952380953,0.6672619047619047,0.7095238095238094,1.880125457048416
