dataset,source,replicates,accuracy,balanced_accuracy,roc_auc,average_precision,tpr_at_fpr_0_01,tpr_at_fpr_0_05,tpr_at_fpr_0_10,outlier_score_gap
uci_adult_mixed,uci:adult,10,0.100375234521576,0.5005208333333333,0.6505149371069183,0.2158921663313859,0.04150943396226415,0.17358490566037738,0.27169811320754716,0.20088474750518798
uci_banknote_authentication_continuous,uci:banknote-authentication,10,0.9824430729942542,0.990240162140833,0.9994205938854132,0.995495531812398,0.9872788139646103,1.0,1.0,4.696809113025665
uci_car_evaluation_categorical,uci:car-evaluation,10,0.43779117566456566,0.5682252358490566,0.8220780922431865,0.526533513773608,0.330188679245283,0.4765199161425577,0.5851153039832285,0.6727661712095141
uci_magic_gamma_continuous,uci:magic-gamma-telescope,10,0.902439024390244,0.5790900157232705,0.7335338050314466,0.33817497088409665,0.13962264150943396,0.29811320754716986,0.39622641509433965,0.4509204741567373
uci_mushroom_categorical,uci:mushroom,10,0.10581613508442778,0.5035416666666667,0.9388207547169811,0.7620695207613716,0.5283018867924528,0.750943396226415,0.8188679245283019,1.151416575908661
uci_rice_cammeo_osmancik_continuous,uci:rice-cammeo-and-osmancik,10,0.94953095684803,0.8595224056603774,0.9601022012578616,0.8445833423507751,0.6509433962264151,0.8150943396226416,0.8962264150943395,3.9882892817258835
uci_spambase_continuous,uci:spambase,10,0.9037523452157599,0.7409512578616353,0.8699567610062893,0.5845427834859032,0.29056603773584905,0.5547169811320755,0.6735849056603773,0.6260430105030537
uci_wdbc_continuous,uci:wdbc,10,0.8201382680731868,0.8053774674193763,0.8873128738580573,0.6574284379964095,0.4511904761904762,0.5851190476190476,0.7113095238095238,2.4453660912811754
