dataset,source,replicates,accuracy,balanced_accuracy,roc_auc,average_precision,tpr$fpr,outlier_score_gap
uci_adult_mixed,uci:adult,10,0.5755,0.5755,0.828348125,0.841856378178289,0.4525,0.9016465216875076
uci_banknote_authentication_continuous,uci:banknote-authentication,10,0.9890159631685383,0.9890159631685383,0.9999795753829617,0.9999796336743003,1.0,6.0676123857498165
uci_car_evaluation_categorical,uci:car-evaluation,10,0.48009670747386657,0.6055708955223881,0.9251593617732234,0.8358578356654414,0.6417910447761195,0.7419367626309394
uci_magic_gamma_continuous,uci:magic-gamma-telescope,10,0.795625,0.795625,0.881445,0.8834348009556623,0.5495,1.565840907394886
uci_mushroom_categorical,uci:mushroom,10,0.640375,0.640375,0.9867174999999999,0.9887038953324794,0.9470000000000001,2.442313263192773
uci_rice_cammeo_osmancik_continuous,uci:rice-cammeo-and-osmancik,10,0.907625,0.907625,0.974503125,0.9755939999551713,0.8744999999999999,5.619385313987732
uci_spambase_continuous,uci:spambase,10,0.88825,0.88825,0.9523287500000001,0.9568543656819619,0.81875,2.5736516922712327
uci_wdbc_continuous,uci:wdbc,10,0.9442389230443078,0.9442389230443078,0.9898542417066286,0.989753304979954,0.9565719737121052,5.666755342483521
