dataset,source,replicates,accuracy_mean,auc_mean,auprc_outlier_mean,fpr95_mean
uci_adult_mixed,uci:adult,10,0.3328,0.7071600000000001,0.47734429845165743,0.7649999999999999
uci_car_evaluation_categorical,uci:car-evaluation,10,0.44214117647058826,0.9205707936507936,0.811178438493888,0.3163333333333333
uci_magic_gamma_continuous,uci:magic-gamma-telescope,10,0.7992,0.7647600000000001,0.5012266856778564,0.611
uci_mushroom_categorical,uci:mushroom,10,0.6279999999999999,0.9830400000000001,0.9524136136188478,0.09200000000000001
uci_secondary_mushroom_categorical,uci:secondary-mushroom-dataset,10,0.364,0.57142,0.328046861124065,0.8450000000000001
uci_spambase_continuous,uci:spambase,10,0.8912000000000001,0.8991599999999998,0.7827574279720438,0.45200000000000007
uci_wdbc_continuous,uci:wdbc,10,0.9028305963699224,0.9744008495416946,0.9110475335590144,0.0971160295103957
