dataset,source,replicates,accuracy_mean,auc_mean,auprc_outlier_mean,fpr95_mean
uci_adult_mixed,uci:adult,10,0.40909090909090906,0.7718749999999999,0.3418465598299189,0.51
uci_car_evaluation_categorical,uci:car-evaluation,10,0.32227272727272727,0.8801388888888889,0.6527786194330313,0.28833333333333333
uci_magic_gamma_continuous,uci:magic-gamma-telescope,10,0.8227272727272729,0.56125,0.17602768424314477,0.7150000000000001
uci_mushroom_categorical,uci:mushroom,10,0.43863636363636366,0.9256249999999999,0.7424085636585638,0.24499999999999997
uci_secondary_mushroom_categorical,uci:secondary-mushroom-dataset,10,0.40909090909090906,0.593125,0.18425468327654235,0.6900000000000001
uci_spambase_continuous,uci:spambase,10,0.6386363636363637,0.7256250000000001,0.36366471528591066,0.6275000000000001
uci_wdbc_continuous,uci:wdbc,10,0.865909090909091,0.945,0.8393499066293184,0.1075
