dataset,source,replicates,accuracy_mean,auc_mean,auprc_outlier_mean,fpr95_mean
uci_adult_mixed,uci:adult,10,0.8437777777777778,0.8539228395061729,0.9564391383889534,0.5422222222222223
uci_car_evaluation_categorical,uci:car-evaluation,10,0.7474285714285714,0.9732220667495854,0.9855486744238663,0.16222222222222224
uci_magic_gamma_continuous,uci:magic-gamma-telescope,10,0.8684444444444445,0.9081635802469137,0.9722572705712673,0.4311111111111111
uci_mushroom_categorical,uci:mushroom,10,0.9553333333333335,0.9953888888888891,0.9988599246465009,0.017777777777777778
uci_secondary_mushroom_categorical,uci:secondary-mushroom-dataset,10,0.8019999999999999,0.6676481481481482,0.8779086148185223,0.8244444444444443
uci_spambase_continuous,uci:spambase,10,0.9142222222222222,0.9549413580246913,0.9866821045175614,0.20222222222222222
uci_wdbc_continuous,uci:wdbc,10,0.9683050496688741,0.9960796671293567,0.9984892790926658,0.01802083333333333
