dataset,source,replicates,accuracy_mean,balanced_accuracy_mean,roc_auc_mean,average_precision_mean,tpr$fpr_mean,outlier_score_gap_mean,labeled_positive_size_mean,real_labeled_positive_size_mean,real_positive_only_sample_size_mean,unlabeled_inlier_size_mean,unlabeled_outlier_size_mean,real_outlier_proportion_mean,real_unlabeled_positive_to_labeled_positive_ratio_mean
uci_adult_mixed,uci:adult,10,0.7744943820224719,0.6467362225789193,0.8551565759494052,0.9311169727249498,0.49036918138041735,1.2235012650489807,533.0,533.0,800.0,267.0,623.0,0.7,0.5009380863039399
uci_banknote_authentication_continuous,uci:banknote-authentication,10,0.995598332109679,0.992660292463442,0.9999979214732597,0.9999991135694785,1.0,6.423422253131866,417.1,417.1,625.2,208.1,485.9,0.7001447458141428,0.4988943488943488
uci_car_evaluation_categorical,uci:car-evaluation,10,0.617527847049044,0.6188460852505797,0.9585534517531833,0.9516600691258507,0.824456289978678,1.4930077850818635,311.0,311.0,467.0,156.0,119.5,0.5170822942643392,0.5032780319160148
uci_magic_gamma_continuous,uci:magic-gamma-telescope,10,0.8235955056179776,0.7728731942215088,0.897779861850055,0.9526850318623505,0.5906902086677367,1.6290354650467633,533.0,533.0,800.0,267.0,623.0,0.7,0.5009380863039399
uci_mushroom_categorical,uci:mushroom,10,0.9567415730337079,0.9304708400214018,0.9975742601042438,0.9990096819986375,0.9842696629213485,3.90849846303463,533.0,533.0,800.0,267.0,623.0,0.7,0.5009380863039399
uci_rice_cammeo_osmancik_continuous,uci:rice-cammeo-and-osmancik,10,0.923258426966292,0.9171482075976458,0.9754744771283086,0.9889561095806247,0.8746388443017656,5.567030990123749,533.0,533.0,800.0,267.0,623.0,0.7,0.5009380863039399
uci_spambase_continuous,uci:spambase,10,0.9119101123595504,0.8998394863563404,0.9630866713558293,0.9820883537345381,0.8465489566613161,3.211076873540878,533.0,533.0,800.0,267.0,623.0,0.7,0.5009380863039399
uci_wdbc_continuous,uci:wdbc,10,0.961380294976226,0.9454987453167986,0.992764149450142,0.9964497314259916,0.9518526937940439,6.265399742126465,189.5,189.5,284.5,95.0,189.0,0.6704526623070353,0.50177304964539
