dataset,source,replicates,accuracy_mean,auc_mean,auprc_outlier_mean,fpr95_mean
uci_adult_mixed,uci:adult,10,0.22612612612612618,0.7376363636363636,0.3406003310424432,0.853
uci_car_evaluation_categorical,uci:car-evaluation,10,0.372972972972973,0.8302906846240179,0.5771243593173405,0.40451851851851844
uci_magic_gamma_continuous,uci:magic-gamma-telescope,10,0.8450450450450451,0.6866363636363635,0.2830755694843931,0.7489999999999999
uci_mushroom_categorical,uci:mushroom,10,0.5225225225225226,0.9677272727272728,0.8810485361044075,0.187
uci_secondary_mushroom_categorical,uci:secondary-mushroom-dataset,10,0.3063063063063063,0.5875454545454545,0.25262752737709043,0.9029999999999999
uci_spambase_continuous,uci:spambase,10,0.8801801801801801,0.7944545454545455,0.41448283075688935,0.65
uci_wdbc_continuous,uci:wdbc,10,0.8791543226501481,0.9412810194500336,0.7394142732267732,0.15663983903420525
