dataset,source,replicates,accuracy_mean,auc_mean,auprc_outlier_mean,fpr95_mean
uci_adult_mixed,uci:adult,10,0.8437777777777778,0.8539228395061729,0.9564391383889534,0.5422222222222223
uci_wdbc_continuous,uci:wdbc,10,0.9683050496688741,0.9960796671293567,0.9984892790926658,0.01802083333333333
