dataset,source,replicates,accuracy,balanced_accuracy,roc_auc,average_precision,tpr_at_fpr_0_01,tpr_at_fpr_0_05,tpr_at_fpr_0_10,outlier_score_gap
uci_adult_mixed,uci:adult,10,0.590625,0.590625,0.8068046875,0.8220839840393384,0.274375,0.43187499999999995,0.531875,0.8048639073967934
uci_banknote_authentication_continuous,uci:banknote-authentication,10,0.9971257549611735,0.9971257549611735,1.0,1.0,1.0,1.0,1.0,5.949922513961792
uci_car_evaluation_categorical,uci:car-evaluation,10,0.5739606953892669,0.592476851851852,0.9686123907212908,0.9677381381698253,0.6893864013266998,0.8495854063018242,0.9047263681592039,1.3131645649671555
uci_magic_gamma_continuous,uci:magic-gamma-telescope,10,0.8053125,0.8053125,0.889609375,0.8938304558608723,0.343125,0.575,0.68875,1.3050249569118022
uci_mushroom_categorical,uci:mushroom,10,0.883125,0.883125,0.993828125,0.9950183342570904,0.9425000000000001,0.974375,0.9818749999999999,2.966814289987087
uci_rice_cammeo_osmancik_continuous,uci:rice-cammeo-and-osmancik,10,0.9121874999999999,0.9121874999999999,0.9731093749999999,0.9740384976822813,0.628125,0.880625,0.931875,4.933254039287567
uci_spambase_continuous,uci:spambase,10,0.8728125,0.8728125,0.9429296875000001,0.9494406514871316,0.54875,0.7837500000000001,0.8556250000000001,2.2486889392137526
uci_wdbc_continuous,uci:wdbc,10,0.9485580147551979,0.9485580147551979,0.9923645832068198,0.9930182662002563,0.896914822266935,0.9497652582159624,0.9810529845741114,6.041315913200378
