dataset,source,replicates,accuracy,balanced_accuracy,roc_auc,average_precision,tpr_at_fpr_0_01,tpr_at_fpr_0_05,tpr_at_fpr_0_10,outlier_score_gap
uci_adult_mixed,uci:adult,10,0.7693749999999999,0.7693749999999999,0.86237890625,0.8725135849653813,0.33999999999999997,0.516875,0.60375,0.839546999335289
uci_banknote_authentication_continuous,uci:banknote-authentication,10,0.9978645383951683,0.9978645383951683,1.0,1.0,1.0,1.0,1.0,5.952334606647492
uci_car_evaluation_categorical,uci:car-evaluation,10,0.8874905517762661,0.886571137368712,0.9679899051552935,0.9673650067770199,0.7018794914317302,0.8346876727473742,0.9077390823659479,1.863037833571434
uci_magic_gamma_continuous,uci:magic-gamma-telescope,10,0.80375,0.80375,0.88798046875,0.8910675687380148,0.318125,0.56375,0.70125,1.1805916652083397
uci_mushroom_categorical,uci:mushroom,10,0.99125,0.99125,0.99914453125,0.9992714274945935,0.9887499999999999,0.9956250000000001,0.9974999999999999,3.7555617094039917
uci_rice_cammeo_osmancik_continuous,uci:rice-cammeo-and-osmancik,10,0.9040625,0.9040625,0.9731953125,0.9747254318360342,0.654375,0.875625,0.930625,4.602274060249329
uci_spambase_continuous,uci:spambase,10,0.8478125000000001,0.8478125000000001,0.9227812499999999,0.9357067802041188,0.540625,0.7424999999999999,0.820625,1.6812940061092376
uci_wdbc_continuous,uci:wdbc,10,0.9514252179745137,0.9514252179745137,0.9926566553355457,0.9933858942809339,0.897551978537894,0.9560362173038228,0.9801810865191147,5.599561822414398
