dataset,source,replicates,accuracy,balanced_accuracy,roc_auc,average_precision,tpr_at_fpr_0_01,tpr_at_fpr_0_05,tpr_at_fpr_0_10,outlier_score_gap
uci_adult_mixed,uci:adult,10,0.10168918918918919,0.501125703564728,0.643962858142271,0.18895242457631928,0.030508474576271188,0.13559322033898305,0.23559322033898306,0.1720966875553131
uci_banknote_authentication_continuous,uci:banknote-authentication,10,0.9726008912320342,0.9847866567354757,0.9986579971422491,0.988686899155212,0.9514285714285714,0.9977777777777778,1.0,4.4727647542953495
uci_car_evaluation_categorical,uci:car-evaluation,10,0.3627474064974065,0.5944198067517202,0.8294040802734617,0.4975506366637492,0.27033898305084747,0.4301694915254237,0.5611864406779661,0.668584393337369
uci_magic_gamma_continuous,uci:magic-gamma-telescope,10,0.8951013513513514,0.5882834610614684,0.7377349190701816,0.3235381981228647,0.13898305084745763,0.27796610169491526,0.3898305084745763,0.5192231252789498
uci_mushroom_categorical,uci:mushroom,10,0.10202702702702701,0.4998060228320667,0.9138137183197126,0.6495317211533964,0.36610169491525424,0.611864406779661,0.7440677966101694,1.0066565930843354
uci_rice_cammeo_osmancik_continuous,uci:rice-cammeo-and-osmancik,10,0.956081081081081,0.8723598435462842,0.965284446847076,0.8517565567326919,0.6847457627118644,0.8525423728813559,0.9016949152542374,4.375101992487908
uci_spambase_continuous,uci:spambase,10,0.8597972972972974,0.7706553884313289,0.8737176837218177,0.5764636889542126,0.3305084745762712,0.5627118644067797,0.6644067796610169,0.7247790334746241
uci_wdbc_continuous,uci:wdbc,10,0.7931601042269831,0.8221468169919358,0.9300787786473018,0.6898145926454147,0.4475961538461538,0.6860576923076923,0.7639423076923076,2.5522150665521623
