dataset,source,replicates,accuracy,balanced_accuracy,roc_auc,average_precision,tpr_at_fpr_0_01,tpr_at_fpr_0_05,tpr_at_fpr_0_10,outlier_score_gap
uci_adult_mixed,uci:adult,10,0.8719594594594595,0.6168823735173466,0.7194994753076605,0.28867566181740123,0.08813559322033898,0.2542372881355932,0.364406779661017,0.16028624549508094
uci_banknote_authentication_continuous,uci:banknote-authentication,10,0.9450260465700119,0.9694756137669523,0.9986070690795101,0.9889103787660597,0.9518650793650794,0.9982142857142857,1.0,3.7092300772666933
uci_car_evaluation_categorical,uci:car-evaluation,10,0.6663271225771226,0.7225150538644833,0.887660165150353,0.5083200318563328,0.1593220338983051,0.45593220338983054,0.6286440677966102,0.8325112348422408
uci_magic_gamma_continuous,uci:magic-gamma-telescope,10,0.8655405405405405,0.6012592616147805,0.7071517155849525,0.288150650628643,0.11355932203389832,0.23559322033898306,0.33728813559322035,0.25770759806036947
uci_mushroom_categorical,uci:mushroom,10,0.9341216216216216,0.9249785353133845,0.9759563710369829,0.9158464390983273,0.7881355932203389,0.9084745762711866,0.9440677966101696,1.102810153365135
uci_rice_cammeo_osmancik_continuous,uci:rice-cammeo-and-osmancik,10,0.9422297297297296,0.880494164785194,0.953804814449709,0.8332352217612584,0.6440677966101694,0.8305084745762711,0.8796610169491526,2.5549791902303696
uci_spambase_continuous,uci:spambase,10,0.8702702702702702,0.7553693516074664,0.8291633542150285,0.5215531853664089,0.30847457627118646,0.49491525423728816,0.6,0.4444966806098819
uci_wdbc_continuous,uci:wdbc,10,0.8085987261146498,0.8431708935620075,0.9359672633374135,0.7395201167891736,0.510576923076923,0.6807692307692308,0.7990384615384615,1.7587153270840645
