dataset,source,replicates,accuracy,balanced_accuracy,roc_auc,average_precision,tpr_at_fpr_0_10,tpr_at_fpr_0_50,outlier_score_gap
uci_adult_mixed,uci:adult,10,0.15199362041467304,0.501219512195122,0.7048141790746876,0.3514449748120857,0.3542553191489362,0.7659574468085106,0.2803318649530411
uci_banknote_authentication_continuous,uci:banknote-authentication,10,0.9718016212706237,0.9834050765153128,0.9995878985642765,0.9978599615887964,1.0,1.0,4.2710404872894285
uci_car_evaluation_categorical,uci:car-evaluation,10,0.4185782638414217,0.6181636652240665,0.8017077633537696,0.45958425871475395,0.4811170212765957,0.86875,0.4432457579299808
uci_magic_gamma_continuous,uci:magic-gamma-telescope,10,0.8682615629984051,0.6622789509400822,0.8222126861203145,0.5523836417682829,0.55,0.8840425531914894,1.1107482232153416
uci_mushroom_categorical,uci:mushroom,10,0.15757575757575756,0.5045028142589119,0.9326354237355794,0.7937655609104173,0.8180851063829786,0.9744680851063829,1.300895345211029
uci_rice_cammeo_osmancik_continuous,uci:rice-cammeo-and-osmancik,10,0.9354066985645932,0.8695670831503731,0.9599137758971699,0.8694837237147605,0.8904255319148936,0.9872340425531915,4.211063408851624
uci_spambase_continuous,uci:spambase,10,0.8437001594896332,0.8037982515668037,0.8922707676340267,0.6931107210463079,0.7244680851063829,0.9446808510638298,1.0437709279358387
uci_wdbc_continuous,uci:wdbc,10,0.8492771084337349,0.8670513141426783,0.9387679837892604,0.8421273200829654,0.8284761904761904,0.9712380952380952,2.934192780405283
